snr_db,baseline_ber
52,0.0824
53,0.082465
54,0.082455
55,0.08248
56,0.082435
57,0.08238
