snr_db,ber
2,2.148400e-01
3,1.865750e-01
4,1.571300e-01
5,1.314000e-01
6,1.073350e-01
7,8.665500e-02
8,6.970000e-02
9,5.561500e-02
10,4.542000e-02
11,3.583000e-02
12,2.959000e-02
13,2.508000e-02
14,2.135000e-02
15,1.798000e-02
16,1.551500e-02
17,1.394000e-02
18,1.309500e-02
