snr_db,baseline_ber
2.0,0.190359
3.0,0.168638
4.0,0.148547
5.0,0.130623
6.0,0.113865
7.0,0.099185
8.0,0.086653
9.0,0.075961
10.0,0.067354
11.0,0.060027
12.0,0.054134
13.0,0.049179
14.0,0.044951
15.0,0.042172
16.0,0.039507
17.0,0.037619
