snr_db,ber
2,2.319850e-01
3,2.117400e-01
4,1.895450e-01
5,1.692850e-01
6,1.497550e-01
7,1.304150e-01
8,1.124450e-01
9,9.650500e-02
10,8.047500e-02
11,6.853500e-02
12,5.652000e-02
13,4.690000e-02
14,3.872000e-02
15,3.162000e-02
16,2.617000e-02
17,2.119000e-02
18,1.817500e-02
